name,region
Ишимбай,Башкортостан
Кумертау,Башкортостан
Межгорье,Башкортостан
Мелеуз,Башкортостан
Нефтекамск,Башкортостан
Октябрьский,Башкортостан
Салават,Башкортостан
Сибай,Башкортостан
Стерлитамак,Башкортостан
Туймазы,Башкортостан
Уфа,Башкортостан
Учалы,Башкортостан
Янаул,Башкортостан
Бабушкин,Бурятия
Гусиноозёрск,Бурятия
Закаменск,Бурятия
Кяхта,Бурятия
Северобайкальск,Бурятия
Улан-Удэ,Бурятия
Горно-Алтайск,Алтай
Майкоп,Адыгея
Адыгейск,Адыгея
Агидель,Башкортостан
Баймак,Башкортостан
Белебей,Башкортостан
Белорецк,Башкортостан
Бирск,Башкортостан
Благовещенск,Башкортостан
Давлеканово,Башкортостан
Дюртюли,Башкортостан
Буйнакск,Дагестан
Дагестанские Огни,Дагестан
Дербент,Дагестан
Избербаш,Дагестан
Каспийск,Дагестан
Кизилюрт,Дагестан
Кизляр,Дагестан
Махачкала,Дагестан
Хасавюрт,Дагестан
Южно-Сухокумск,Дагестан
Карабулак,Ингушетия
Магас,Ингушетия
Малгобек,Ингушетия
Назрань,Ингушетия
Сунжа,Ингушетия
Баксан,Кабардино-Балкарская
Майский,Кабардино-Балкарская
Нальчик,Кабардино-Балкарская
Нарткала,Кабардино-Балкарская
Прохладный,Кабардино-Балкарская
Терек,Кабардино-Балкарская
Тырныауз,Кабардино-Балкарская
Чегем,Кабардино-Балкарская
Элиста,Калмыкия
Лагань,Калмыкия
Городовиковск,Калмыкия
Карачаевск,Карачаево-Черкесская
Теберда,Карачаево-Черкесская
Усть-Джегута,Карачаево-Черкесская
Черкесск,Карачаево-Черкесская
Петрозаводск,Карелия
Кондопога,Карелия
Сегежа,Карелия
Костомукша,Карелия
Сортавала,Карелия
Медвежьегорск,Карелия
Кемь,Карелия
Питкяранта,Карелия
Беломорск,Карелия
Суоярви,Карелия
Пудож,Карелия
Олонец,Карелия
Лахденпохья,Карелия
Сыктывкар,Коми
Ухта,Коми
Воркута,Коми
Печора,Коми
Усинск,Коми
Инта,Коми
Сосногорск,Коми
Краснослободск,Мордовия
Ардатов,Мордовия
Инсар,Мордовия
Темников,Мордовия
Алдан,Саха /Якутия/
Верхоянск,Саха /Якутия/
Вилюйск,Саха /Якутия/
Ленск,Саха /Якутия/
Мирный,Саха /Якутия/
Нерюнгри,Саха /Якутия/
Нюрба,Саха /Якутия/
Олёкминск,Саха /Якутия/
Покровск,Саха /Якутия/
Среднеколымск,Саха /Якутия/
Томмот,Саха /Якутия/
Удачный,Саха /Якутия/
Якутск,Саха /Якутия/
Алагир,Северная Осетия - Алания
Ардон,Северная Осетия - Алания
Беслан,Северная Осетия - Алания
Емва,Коми
Вуктыл,Коми
Микунь,Коми
Йошкар-Ола,Марий Эл
Волжск,Марий Эл
Козьмодемьянск,Марий Эл
Звенигово,Марий Эл
Саранск,Мордовия
Рузаевка,Мордовия
Ковылкино,Мордовия
Владикавказ,Северная Осетия - Алания
Дигора,Северная Осетия - Алания
Моздок,Северная Осетия - Алания
Агрыз,Татарстан
Азнакаево,Татарстан
Альметьевск,Татарстан
Арск,Татарстан
Бавлы,Татарстан
Болгар,Татарстан
Бугульма,Татарстан
Буинск,Татарстан
Елабуга,Татарстан
Заинск,Татарстан
Зеленодольск,Татарстан
Иннополис,Татарстан
Казань,Татарстан
Кукмор,Татарстан
Лаишево,Татарстан
Лениногорск,Татарстан
Мамадыш,Татарстан
Чадан,Тыва
Шагонар,Тыва
Ижевск,Удмуртская
Сарапул,Удмуртская
Воткинск,Удмуртская
Глазов,Удмуртская
Можга,Удмуртская
Камбарка,Удмуртская
Абаза,Хакасия
Абакан,Хакасия
Саяногорск,Хакасия
Сорск,Хакасия
Черногорск,Хакасия
Чебоксары,Чувашская
Новочебоксарск,Чувашская
Канаш,Чувашская
Алатырь,Чувашская
Шумерля,Чувашская
Цивильск,Чувашская
Козловка,Чувашская
Менделеевск,Татарстан
Мензелинск,Татарстан
Набережные Челны,Татарстан
Нижнекамск,Татарстан
Нурлат,Татарстан
Тетюши,Татарстан
Чистополь,Татарстан
Ак-Довурак,Тыва
Кызыл,Тыва
Туран,Тыва
Ядрин,Чувашская
Мариинский Посад,Чувашская
Алейск,Алтайский
Барнаул,Алтайский
Белокуриха,Алтайский
Бийск,Алтайский
Горняк,Алтайский
Заринск,Алтайский
Змеиногорск,Алтайский
Камень-на-Оби,Алтайский
Новоалтайск,Алтайский
Рубцовск,Алтайский
Славгород,Алтайский
Яровое,Алтайский
Краснодар,Краснодарский
Сочи,Краснодарский
Новороссийск,Краснодарский
Армавир,Краснодарский
Ейск,Краснодарский
Кропоткин,Краснодарский
Славянск-на-Кубани,Краснодарский
Туапсе,Краснодарский
Лабинск,Краснодарский
Анапа,Краснодарский
Тихорецк,Краснодарский
Крымск,Краснодарский
Геленджик,Краснодарский
Тимашёвск,Краснодарский
Белореченск,Краснодарский
Курганинск,Краснодарский
Усть-Лабинск,Краснодарский
Кореновск,Краснодарский
Апшеронск,Краснодарский
Темрюк,Краснодарский
Абинск,Краснодарский
Гулькевичи,Краснодарский
Новокубанск,Краснодарский
Приморско-Ахтарск,Краснодарский
Горячий Ключ,Краснодарский
Хадыженск,Краснодарский
Артёмовск,Красноярский
Ачинск,Красноярский
Боготол,Красноярский
Бородино,Красноярский
Дивногорск,Красноярский
Дудинка,Красноярский
Енисейск,Красноярский
Железногорск,Красноярский
Заозёрный,Красноярский
Зеленогорск,Красноярский
Игарка,Красноярский
Иланский,Красноярский
Канск,Красноярский
Кодинск,Красноярский
Красноярск,Красноярский
Лесосибирск,Красноярский
Минусинск,Красноярский
Назарово,Красноярский
Норильск,Красноярский
Сосновоборск,Красноярский
Находка,Приморский
Партизанск,Приморский
Спасск-Дальний,Приморский
Уссурийск,Приморский
Фокино,Приморский
Ставрополь,Ставропольский
Пятигорск,Ставропольский
Кисловодск,Ставропольский
Невинномысск,Ставропольский
Ессентуки,Ставропольский
Минеральные Воды,Ставропольский
Михайловск,Ставропольский
Георгиевск,Ставропольский
Будённовск,Ставропольский
Изобильный,Ставропольский
Светлоград,Ставропольский
Зеленокумск,Ставропольский
Благодарный,Ставропольский
Нефтекумск,Ставропольский
Новоалександровск,Ставропольский
Ужур,Красноярский
Уяр,Красноярский
Шарыпово,Красноярский
Владивосток,Приморский
Арсеньев,Приморский
Артём,Приморский
Большой Камень,Приморский
Дальнегорск,Приморский
Дальнереченск,Приморский
Лесозаводск,Приморский
Новопавловск,Ставропольский
Ипатово,Ставропольский
Железноводск,Ставропольский
Лермонтов,Ставропольский
Хабаровск,Хабаровский
Амурск,Хабаровский
Бикин,Хабаровский
Вяземский,Хабаровский
Комсомольск-на-Амуре,Хабаровский
Николаевск-на-Амуре,Хабаровский
Советская Гавань,Хабаровский
Белогорск,Амурская
Благовещенск,Амурская
Завитинск,Амурская
Зея,Амурская
Райчихинск,Амурская
Свободный,Амурская
Сковородино,Амурская
Тында,Амурская
Циолковский,Амурская
Шимановск,Амурская
Архангельск,Архангельская
Северодвинск,Архангельская
Котлас,Архангельская
Новодвинск,Архангельская
Коряжма,Архангельская
Вельск,Архангельская
Няндома,Архангельская
Онега,Архангельская
Каргополь,Архангельская
Шенкурск,Архангельская
Мезень,Архангельская
Мирный,Архангельская
Сольвычегодск,Архангельская
Астрахань,Астраханская
Ахтубинск,Астраханская
Знаменск,Астраханская
Харабали,Астраханская
Камызяк,Астраханская
Нариманов,Астраханская
Белгород,Белгородская
Старый Оскол,Белгородская
Губкин,Белгородская
Шебекино,Белгородская
Алексеевка,Белгородская
Валуйки,Белгородская
Строитель,Белгородская
Новый Оскол,Белгородская
Бирюч,Белгородская
Грайворон,Белгородская
Почеп,Брянская
Трубчевск,Брянская
Фокино,Брянская
Сураж,Брянская
Мглин,Брянская
Севск,Брянская
Злынка,Брянская
Владимир,Владимирская
Ковров,Владимирская
Муром,Владимирская
Александров,Владимирская
Гусь-Хрустальный,Владимирская
Кольчугино,Владимирская
Вязники,Владимирская
Киржач,Владимирская
Юрьев-Польский,Владимирская
Собинка,Владимирская
Радужный,Владимирская
Покров,Владимирская
Лакинск,Владимирская
Короча,Белгородская
Брянск,Брянская
Клинцы,Брянская
Новозыбков,Брянская
Дятьково,Брянская
Унеча,Брянская
Карачев,Брянская
Стародуб,Брянская
Жуковка,Брянская
Сельцо,Брянская
Меленки,Владимирская
Карабаново,Владимирская
Петушки,Владимирская
Струнино,Владимирская
Гороховец,Владимирская
Камешково,Владимирская
Судогда,Владимирская
Суздаль,Владимирская
Костерёво,Владимирская
Курлово,Владимирская
Волгоград,Волгоградская
Волжский,Волгоградская
Дубовка,Волгоградская
Жирновск,Волгоградская
Калач-на-Дону,Волгоградская
Камышин,Волгоградская
Краснослободск,Волгоградская
Котельниково,Волгоградская
Котово,Волгоградская
Ленинск,Волгоградская
Михайловка,Волгоградская
Николаевск,Волгоградская
Новоаннинский,Волгоградская
Палласовка,Волгоградская
Петров Вал,Волгоградская
Серафимович,Волгоградская
Суровикино,Волгоградская
Урюпинск,Волгоградская
Фролово,Волгоградская
Бабаево,Вологодская
Белозерск,Вологодская
Великий Устюг,Вологодская
Вологда,Вологодская
Вытегра,Вологодская
Грязовец,Вологодская
Кадников,Вологодская
Кириллов,Вологодская
Красавино,Вологодская
Никольск,Вологодская
Сокол,Вологодская
Тотьма,Вологодская
Устюжна,Вологодская
Харовск,Вологодская
Череповец,Вологодская
Воронеж,Воронежская
Борисоглебск,Воронежская
Россошь,Воронежская
Лиски,Воронежская
Острогожск,Воронежская
Нововоронеж,Воронежская
Бутурлиновка,Воронежская
Семилуки,Воронежская
Павловск,Воронежская
Калач,Воронежская
Бобров,Воронежская
Поворино,Воронежская
Богучар,Воронежская
Эртиль,Воронежская
Новохопёрск,Воронежская
Иваново,Ивановская
Кинешма,Ивановская
Шуя,Ивановская
Вичуга,Ивановская
Фурманов,Ивановская
Тейково,Ивановская
Кохма,Ивановская
Родники,Ивановская
Приволжск,Ивановская
Южа,Ивановская
Заволжск,Ивановская
Наволоки,Ивановская
Юрьевец,Ивановская
Комсомольск,Ивановская
Пучеж,Ивановская
Гаврилов Посад,Ивановская
Плёс,Ивановская
Иркутск,Иркутская
Алзамай,Иркутская
Ангарск,Иркутская
Байкальск,Иркутская
Бирюсинск,Иркутская
Бодайбо,Иркутская
Братск,Иркутская
Вихоревка,Иркутская
Железногорск-Илимский,Иркутская
Зима,Иркутская
Киренск,Иркутская
Нижнеудинск,Иркутская
Саянск,Иркутская
Свирск,Иркутская
Слюдянка,Иркутская
Тайшет,Иркутская
Тулун,Иркутская
Усолье-Сибирское,Иркутская
Усть-Илимск,Иркутская
Усть-Кут,Иркутская
Черемхово,Иркутская
Шелехов,Иркутская
Багратионовск,Калининградская
Балтийск,Калининградская
Гвардейск,Калининградская
Гурьевск,Калининградская
Гусев,Калининградская
Зеленоградск,Калининградская
Калининград,Калининградская
Краснознаменск,Калининградская
Ладушкин,Калининградская
Мамоново,Калининградская
Неман,Калининградская
Нестеров,Калининградская
Озёрск,Калининградская
Пионерский,Калининградская
Полесск,Калининградская
Правдинск,Калининградская
Приморск,Калининградская
Светлогорск,Калининградская
Светлый,Калининградская
Славск,Калининградская
Советск,Калининградская
Черняховск,Калининградская
Калуга,Калужская
Обнинск,Калужская
Людиново,Калужская
Киров,Калужская
Малоярославец,Калужская
Балабаново,Калужская
Козельск,Калужская
Кондрово,Калужская
Сухиничи,Калужская
Боровск,Калужская
Сосенский,Калужская
Жуков,Калужская
Кремёнки,Калужская
Ермолино,Калужская
Таруса,Калужская
Белоусово,Калужская
Медынь,Калужская
Юхнов,Калужская
Жиздра,Калужская
Спас-Деменск,Калужская
Мосальск,Калужская
Мещовск,Калужская
Вилючинск,Камчатский
Елизово,Камчатский
Петропавловск-Камчатский,Камчатский
Анжеро-Судженск,Кемеровская
Белово,Кемеровская
Берёзовский,Кемеровская
Калтан,Кемеровская
Гурьевск,Кемеровская
Кемерово,Кемеровская
Киселёвск,Кемеровская
Ленинск-Кузнецкий,Кемеровская
Мариинск,Кемеровская
Междуреченск,Кемеровская
Мыски,Кемеровская
Новокузнецк,Кемеровская
Осинники,Кемеровская
Полысаево,Кемеровская
Прокопьевск,Кемеровская
Салаир,Кемеровская
Тайга,Кемеровская
Таштагол,Кемеровская
Топки,Кемеровская
Юрга,Кемеровская
Киров,Кировская
Кирово-Чепецк,Кировская
Вятские Поляны,Кировская
Слободской,Кировская
Котельнич,Кировская
Омутнинск,Кировская
Яранск,Кировская
Советск,Кировская
Сосновка,Кировская
Белая Холуница,Кировская
Зуевка,Кировская
Луза,Кировская
Кирс,Кировская
Уржум,Кировская
Нолинск,Кировская
Малмыж,Кировская
Орлов,Кировская
Мураши,Кировская
Кострома,Костромская
Буй,Костромская
Шарья,Костромская
Нерехта,Костромская
Мантурово,Костромская
Волгореченск,Костромская
Галич,Костромская
Нея,Костромская
Макарьев,Костромская
Солигалич,Костромская
Чухлома,Костромская
Кологрив,Костромская
Курган,Курганская
Далматово,Курганская
Катайск,Курганская
Куртамыш,Курганская
Макушино,Курганская
Петухово,Курганская
Шадринск,Курганская
Шумиха,Курганская
Щучье,Курганская
Курск,Курская
Дмитриев,Курская
Железногорск,Курская
Курчатов,Курская
Льгов,Курская
Обоянь,Курская
Рыльск,Курская
Суджа,Курская
Фатеж,Курская
Щигры,Курская
Бокситогорск,Ленинградская
Всеволожск,Ленинградская
Волосово,Ленинградская
Волхов,Ленинградская
Выборг,Ленинградская
Высоцк,Ленинградская
Гатчина,Ленинградская
Ивангород,Ленинградская
Каменногорск,Ленинградская
Кингисепп,Ленинградская
Кириши,Ленинградская
Кировск,Ленинградская
Коммунар,Ленинградская
Колтуши,Ленинградская
Кудрово,Ленинградская
Лодейное Поле,Ленинградская
Луга,Ленинградская
Любань,Ленинградская
Мурино,Ленинградская
Никольское,Ленинградская
Новая Ладога,Ленинградская
Отрадное,Ленинградская
Пикалёво,Ленинградская
Подпорожье,Ленинградская
Приморск,Ленинградская
Приозерск,Ленинградская
Санкт-Петербург,Санкт-Петербург
Светогорск,Ленинградская
Сертолово,Ленинградская
Сланцы,Ленинградская
Сосновый Бор,Ленинградская
Сясьстрой,Ленинградская
Тихвин,Ленинградская
Тосно,Ленинградская
Шлиссельбург,Ленинградская
Липецк,Липецкая
Елец,Липецкая
Грязи,Липецкая
Лебедянь,Липецкая
Данков,Липецкая
Усмань,Липецкая
Чаплыгин,Липецкая
Задонск,Липецкая
Магадан,Магаданская
Сусуман,Магаданская
Москва,Москва
Апрелевка,Московская
Балашиха,Московская
Белоозёрский,Московская
Бронницы,Московская
Верея,Московская
Видное,Московская
Волоколамск,Московская
Воскресенск,Московская
Высоковск,Московская
Голицыно,Московская
Дедовск,Московская
Дзержинский,Московская
Дмитров,Московская
Долгопрудный,Московская
Домодедово,Московская
Дрезна,Московская
Дубна,Московская
Егорьевск,Московская
Жуковский,Московская
Зарайск,Московская
Звенигород,Московская
Ивантеевка,Московская
Истра,Московская
Кашира,Московская
Клин,Московская
Коломна,Московская
Королёв,Московская
Котельники,Московская
Красноармейск,Московская
Красногорск,Московская
Краснозаводск,Московская
Краснознаменск,Московская
Кубинка,Московская
Куровское,Московская
Ликино-Дулёво,Московская
Лобня,Московская
Лосино-Петровский,Московская
Луховицы,Московская
Лыткарино,Московская
Люберцы,Московская
Можайск,Московская
Мытищи,Московская
Наро-Фоминск,Московская
Ногинск,Московская
Одинцово,Московская
Озёры,Московская
Орехово-Зуево,Московская
Павловский Посад,Московская
Пересвет,Московская
Подольск,Московская
Протвино,Московская
Пушкино,Московская
Пущино,Московская
Раменское,Московская
Реутов,Московская
Рошаль,Московская
Руза,Московская
Сергиев Посад,Московская
Серпухов,Московская
Солнечногорск,Московская
Старая Купавна,Московская
Ступино,Московская
Талдом,Московская
Фрязино,Московская
Химки,Московская
Хотьково,Московская
Черноголовка,Московская
Чехов,Московская
Шатура,Московская
Щёлково,Московская
Электрогорск,Московская
Электросталь,Московская
Электроугли,Московская
Яхрома,Московская
Апатиты,Мурманская
Гаджиево,Мурманская
Заозёрск,Мурманская
Заполярный,Мурманская
Кандалакша,Мурманская
Кировск,Мурманская
Ковдор,Мурманская
Кола,Мурманская
Мончегорск,Мурманская
Мурманск,Мурманская
Оленегорск,Мурманская
Островной,Мурманская
Полярные Зори,Мурманская
Полярный,Мурманская
Североморск,Мурманская
Заволжье,Нижегородская
Богородск,Нижегородская
Кулебаки,Нижегородская
Городец,Нижегородская
Семёнов,Нижегородская
Лысково,Нижегородская
Сергач,Нижегородская
Шахунья,Нижегородская
Навашино,Нижегородская
Лукоянов,Нижегородская
Первомайск,Нижегородская
Чкаловск,Нижегородская
Урень,Нижегородская
Ворсма,Нижегородская
Володарск,Нижегородская
Перевоз,Нижегородская
Ветлуга,Нижегородская
Княгинино,Нижегородская
Горбатов,Нижегородская
Великий Новгород,Новгородская
Снежногорск,Мурманская
Нижний Новгород,Нижегородская
Дзержинск,Нижегородская
Арзамас,Нижегородская
Саров,Нижегородская
Бор,Нижегородская
Кстово,Нижегородская
Павлово,Нижегородская
Выкса,Нижегородская
Балахна,Нижегородская
Боровичи,Новгородская
Старая Русса,Новгородская
Пестово,Новгородская
Валдай,Новгородская
Чудово,Новгородская
Малая Вишера,Новгородская
Окуловка,Новгородская
Сольцы,Новгородская
Холм,Новгородская
Новосибирск,Новосибирская
Барабинск,Новосибирская
Бердск,Новосибирская
Болотное,Новосибирская
Искитим,Новосибирская
Карасук,Новосибирская
Каргат,Новосибирская
Куйбышев,Новосибирская
Купино,Новосибирская
Обь,Новосибирская
Татарск,Новосибирская
Тогучин,Новосибирская
Черепаново,Новосибирская
Чулым,Новосибирская
Омск,Омская
Исилькуль,Омская
Калачинск,Омская
Называевск,Омская
Тара,Омская
Тюкалинск,Омская
Оренбург,Оренбургская
Орск,Оренбургская
Новотроицк,Оренбургская
Бузулук,Оренбургская
Бугуруслан,Оренбургская
Сорочинск,Оренбургская
Соль-Илецк,Оренбургская
Гай,Оренбургская
Медногорск,Оренбургская
Кувандык,Оренбургская
Абдулино,Оренбургская
Ясный,Оренбургская
Орёл,Орловская
Ливны,Орловская
Мценск,Орловская
Болхов,Орловская
Дмитровск,Орловская
Новосиль,Орловская
Малоархангельск,Орловская
Белинский,Пензенская
Городище,Пензенская
Заречный,Пензенская
Каменка,Пензенская
Кузнецк,Пензенская
Нижний Ломов,Пензенская
Никольск,Пензенская
Пенза,Пензенская
Сердобск,Пензенская
Спасск,Пензенская
Сурск,Пензенская
Пермь,Пермский
Березники,Пермский
Соликамск,Пермский
Чайковский,Пермский
Кунгур,Пермский
Лысьва,Пермский
Краснокамск,Пермский
Чусовой,Пермский
Добрянка,Пермский
Чернушка,Пермский
Кудымкар,Пермский
Губаха,Пермский
Верещагино,Пермский
Оса,Пермский
Нытва,Пермский
Кизел,Пермский
Красновишерск,Пермский
Очёр,Пермский
Александровск,Пермский
Горнозаводск,Пермский
Гремячинск,Пермский
Оханск,Пермский
Усолье,Пермский
Чердынь,Пермский
Чёрмоз,Пермский
Великие Луки,Псковская
Гдов,Псковская
Дно,Псковская
Невель,Псковская
Новоржев,Псковская
Новосокольники,Псковская
Опочка,Псковская
Остров,Псковская
Печоры,Псковская
Порхов,Псковская
Псков,Псковская
Пустошка,Псковская
Пыталово,Псковская
Себеж,Псковская
Ростов-на-Дону,Ростовская
Таганрог,Ростовская
Шахты,Ростовская
Волгодонск,Ростовская
Новочеркасск,Ростовская
Батайск,Ростовская
Новошахтинск,Ростовская
Каменск-Шахтинский,Ростовская
Азов,Ростовская
Гуково,Ростовская
Сальск,Ростовская
Донецк,Ростовская
Цимлянск,Ростовская
Рязань,Рязанская
Касимов,Рязанская
Скопин,Рязанская
Сасово,Рязанская
Ряжск,Рязанская
Новомичуринск,Рязанская
Рыбное,Рязанская
Кораблино,Рязанская
Михайлов,Рязанская
Спасск-Рязанский,Рязанская
Шацк,Рязанская
Спас-Клепики,Рязанская
Самара,Самарская
Тольятти,Самарская
Сызрань,Самарская
Новокуйбышевск,Самарская
Чапаевск,Самарская
Жигулёвск,Самарская
Отрадный,Самарская
Белая Калитва,Ростовская
Аксай,Ростовская
Красный Сулин,Ростовская
Миллерово,Ростовская
Морозовск,Ростовская
Зерноград,Ростовская
Семикаракорск,Ростовская
Зверево,Ростовская
Пролетарск,Ростовская
Константиновск,Ростовская
Кинель,Самарская
Похвистнево,Самарская
Октябрьск,Самарская
Нефтегорск,Самарская
Саратов,Саратовская
Энгельс,Саратовская
Балаково,Саратовская
Балашов,Саратовская
Вольск,Саратовская
Пугачёв,Саратовская
Ртищево,Саратовская
Маркс,Саратовская
Петровск,Саратовская
Аткарск,Саратовская
Красноармейск,Саратовская
Ершов,Саратовская
Новоузенск,Саратовская
Калининск,Саратовская
Красный Кут,Саратовская
Хвалынск,Саратовская
Аркадак,Саратовская
Шиханы,Саратовская
Александровск-Сахалинский,Сахалинская
Анива,Сахалинская
Долинск,Сахалинская
Корсаков,Сахалинская
Курильск,Сахалинская
Макаров,Сахалинская
Невельск,Сахалинская
Оха,Сахалинская
Поронайск,Сахалинская
Северо-Курильск,Сахалинская
Томари,Сахалинская
Углегорск,Сахалинская
Холмск,Сахалинская
Южно-Сахалинск,Сахалинская
Екатеринбург,Свердловская
Алапаевск,Свердловская
Арамиль,Свердловская
Артёмовский,Свердловская
Асбест,Свердловская
Берёзовский,Свердловская
Богданович,Свердловская
Верхний Тагил,Свердловская
Верхняя Пышма,Свердловская
Верхняя Салда,Свердловская
Верхняя Тура,Свердловская
Верхотурье,Свердловская
Волчанск,Свердловская
Дегтярск,Свердловская
Заречный,Свердловская
Ивдель,Свердловская
Ирбит,Свердловская
Каменск-Уральский,Свердловская
Камышлов,Свердловская
Карпинск,Свердловская
Качканар,Свердловская
Кировград,Свердловская
Краснотурьинск,Свердловская
Красноуральск,Свердловская
Красноуфимск,Свердловская
Кушва,Свердловская
Лесной,Свердловская
Михайловск,Свердловская
Невьянск,Свердловская
Нижние Серги,Свердловская
Нижний Тагил,Свердловская
Нижняя Салда,Свердловская
Нижняя Тура,Свердловская
Новая Ляля,Свердловская
Новоуральск,Свердловская
Первоуральск,Свердловская
Полевской,Свердловская
Ревда,Свердловская
Реж,Свердловская
Североуральск,Свердловская
Серов,Свердловская
Среднеуральск,Свердловская
Сухой Лог,Свердловская
Сысерть,Свердловская
Тавда,Свердловская
Талица,Свердловская
Туринск,Свердловская
Смоленск,Смоленская
Вязьма,Смоленская
Рославль,Смоленская
Ярцево,Смоленская
Сафоново,Смоленская
Гагарин,Смоленская
Десногорск,Смоленская
Дорогобуж,Смоленская
Ельня,Смоленская
Рудня,Смоленская
Починок,Смоленская
Сычёвка,Смоленская
Велиж,Смоленская
Демидов,Смоленская
Духовщина,Смоленская
Тамбов,Тамбовская
Мичуринск,Тамбовская
Рассказово,Тамбовская
Моршанск,Тамбовская
Котовск,Тамбовская
Уварово,Тамбовская
Кирсанов,Тамбовская
Жердевка,Тамбовская
Тверь,Тверская
Ржев,Тверская
Вышний Волочёк,Тверская
Кимры,Тверская
Торжок,Тверская
Конаково,Тверская
Удомля,Тверская
Бежецк,Тверская
Бологое,Тверская
Нелидово,Тверская
Осташков,Тверская
Кашин,Тверская
Калязин,Тверская
Торопец,Тверская
Лихославль,Тверская
Кувшиново,Тверская
Западная Двина,Тверская
Старица,Тверская
Андреаполь,Тверская
Весьегонск,Тверская
Зубцов,Тверская
Красный Холм,Тверская
Белый,Тверская
Томск,Томская
Асино,Томская
Кедровый,Томская
Колпашево,Томская
Северск,Томская
Стрежевой,Томская
Тула,Тульская
Новомосковск,Тульская
Донской,Тульская
Алексин,Тульская
Щёкино,Тульская
Узловая,Тульская
Ефремов,Тульская
Богородицк,Тульская
Кимовск,Тульская
Киреевск,Тульская
Суворов,Тульская
Ясногорск,Тульская
Плавск,Тульская
Венёв,Тульская
Белёв,Тульская
Болохово,Тульская
Липки,Тульская
Советск,Тульская
Чекалин,Тульская
Заводоуковск,Тюменская
Ишим,Тюменская
Тобольск,Тюменская
Тюмень,Тюменская
Ялуторовск,Тюменская
Ульяновск,Ульяновская
Димитровград,Ульяновская
Инза,Ульяновская
Барыш,Ульяновская
Новоульяновск,Ульяновская
Сенгилей,Ульяновская
Аша,Челябинская
Бакал,Челябинская
Верхнеуральск,Челябинская
Верхний Уфалей,Челябинская
Еманжелинск,Челябинская
Златоуст,Челябинская
Карабаш,Челябинская
Карталы,Челябинская
Касли,Челябинская
Катав-Ивановск,Челябинская
Копейск,Челябинская
Коркино,Челябинская
Куса,Челябинская
Кыштым,Челябинская
Магнитогорск,Челябинская
Миасс,Челябинская
Миньяр,Челябинская
Нязепетровск,Челябинская
Озёрск,Челябинская
Пласт,Челябинская
Сатка,Челябинская
Сим,Челябинская
Снежинск,Челябинская
Троицк,Челябинская
Трёхгорный,Челябинская
Усть-Катав,Челябинская
Чебаркуль,Челябинская
Челябинск,Челябинская
Южноуральск,Челябинская
Юрюзань,Челябинская
Балей,Забайкальский
Борзя,Забайкальский
Краснокаменск,Забайкальский
Могоча,Забайкальский
Нерчинск,Забайкальский
Петровск-Забайкальский,Забайкальский
Сретенск,Забайкальский
Хилок,Забайкальский
Чита,Забайкальский
Шилка,Забайкальский
Ярославль,Ярославская
Рыбинск,Ярославская
Переславль-Залесский,Ярославская
Тутаев,Ярославская
Углич,Ярославская
Ростов,Ярославская
Гаврилов-Ям,Ярославская
Данилов,Ярославская
Пошехонье,Ярославская
Мышкин,Ярославская
Любим,Ярославская
Биробиджан,Еврейская
Облучье,Еврейская
Нарьян-Мар,Ненецкий
Белоярский,Ханты-Мансийский
Когалым,Ханты-Мансийский
Лангепас,Ханты-Мансийский
Лянтор,Ханты-Мансийский
Мегион,Ханты-Мансийский
Нефтеюганск,Ханты-Мансийский
Нижневартовск,Ханты-Мансийский
Нягань,Ханты-Мансийский
Покачи,Ханты-Мансийский
Пыть-Ях,Ханты-Мансийский
Советский,Ханты-Мансийский
Сургут,Ханты-Мансийский
Радужный,Ханты-Мансийский
Урай,Ханты-Мансийский
Ханты-Мансийск,Ханты-Мансийский
Югорск,Ханты-Мансийский
Анадырь,Чукотский
Билибино,Чукотский
Певек,Чукотский
Губкинский,Ямало-Ненецкий
Лабытнанги,Ямало-Ненецкий
Муравленко,Ямало-Ненецкий
Надым,Ямало-Ненецкий
Новый Уренгой,Ямало-Ненецкий
Ноябрьск,Ямало-Ненецкий
Салехард,Ямало-Ненецкий
Тарко-Сале,Ямало-Ненецкий
Аргун,Чеченская
Грозный,Чеченская
Гудермес,Чеченская
Курчалой,Чеченская
Ачхой-Мартан,Чеченская
Урус-Мартан,Чеченская
Шали,Чеченская